{
    "train_loss": [
        0.13677378952261998,
        0.09180156227281626,
        0.08576559102859535,
        0.09140097355577263,
        0.06750593749511478,
        0.060413859893480755,
        0.05585739468542605,
        0.05113480490943913
    ],
    "val_loss": [
        0.11737813044339418,
        0.10983179152011871,
        0.10099975019693375,
        0.10267458848655224,
        0.09155120614916086,
        0.0977568069845438,
        0.09092879012227058,
        0.08908787649124861
    ],
    "train_acc": [
        0.9449582675389127,
        0.9661628693886758,
        0.9657117076471915,
        0.9697721633205504,
        0.9758628468305888,
        0.9790209790209791,
        0.9796977216332055,
        0.9806000451161742
    ],
    "val_acc": [
        0.9565772669220945,
        0.9578544061302682,
        0.9642401021711366,
        0.9578544061302682,
        0.9731800766283525,
        0.9604086845466155,
        0.9757343550446999,
        0.9744572158365262
    ]
}