{
    "test_accuracy": 0.8621794871794872,
    "auc": 0.9571663379355687,
    "precision": 0.8261802575107297,
    "recall": 0.9871794871794872,
    "f1_score": 0.8995327102803738
}